{"cameraMode":{"drawMode":0,"name":"Shaded","section":"Shading Mode"},"sceneLighting":false,"audioPlay":false,"sceneViewState":{"m_AlwaysRefresh":false,"showFog":true,"showSkybox":false,"showFlares":true,"showImageEffects":true,"showParticleSystems":true,"showVisualEffectGraphs":true,"m_FxEnabled":true},"in2DMode":false,"pivot":{"x":0.00024377182126045227,"y":0.03913982957601547,"z":0.0031994394958019258},"rotation":{"x":0.04078854247927666,"y":0.9261159896850586,"z":-0.3600684702396393,"w":0.10491179674863816},"size":0.10845985263586045,"orthographic":false}