{"cameraMode":{"drawMode":0,"name":"Shaded","section":"Shading Mode"},"sceneLighting":false,"audioPlay":false,"sceneViewState":{"m_AlwaysRefresh":false,"showFog":true,"showSkybox":false,"showFlares":true,"showImageEffects":true,"showParticleSystems":true,"showVisualEffectGraphs":true,"m_FxEnabled":true},"in2DMode":false,"pivot":{"x":-0.02310066670179367,"y":0.046985384076833728,"z":0.053768306970596316},"rotation":{"x":-0.14396049082279206,"y":0.8158734440803528,"z":-0.2300296127796173,"w":-0.5106014013290405},"size":0.04975513741374016,"orthographic":false}